<?xml version="1.0" encoding="UTF-8" standalone="yes"?>
<addon id="HackFlixz" name="HackFlixz" version="1.0" provider-name="HackFlixz">
    <extension point="xbmc.addon.repository" name="HackFlixz Repository">
        <dir>
            <info compressed="false">https://raw.githubusercontent.com/HackFlixz/HackFlixz/master/repo/zips/addons.xml</info>
            <checksum>https://raw.githubusercontent.com/HackFlixz/HackFlixz/master/repo/zips/addons.xml.md5</checksum>
            <datadir zip="true">https://raw.githubusercontent.com/HackFlixz/HackFlixz/master/repo/zips/</datadir>
        </dir>
    </extension>
    <extension point="xbmc.addon.metadata">
        <summary>HackFlixz Repository</summary>
        <description>HackFlixz</description>
        <disclaimer></disclaimer>
        <platform>all</platform>
        <assets>
            <icon>icon.png</icon>
            <fanart>fanart.jpg</fanart>
        </assets>
    </extension>
</addon>